coachId,coachName,lineNumber,line
ristretto,Ristretto,1,"¡Vamos, capitán! Elige una esquina como meta y llega con pecho arriba."
ristretto,Ristretto,2,Ese contador quiere partido: haz treinta pasos fuertes y vuelve al ritmo base.
ristretto,Ristretto,3,"Aprieta el paso durante una canción; revisa el marcador al final, no antes."
ristretto,Ristretto,4,"Si estabas sentado, arriba: dos minutos y ya ganaste la primera jugada."
ristretto,Ristretto,5,"Codos doblados, hombros sueltos, mirada al frente: camina como atleta de verdad."
ristretto,Ristretto,6,Divide lo que falta en dos mitades; gana la primera y luego atacamos la segunda.
ristretto,Ristretto,7,"Después del semáforo, nada de enfriarse: recupera ritmo en diez pasos."
ristretto,Ristretto,8,"Camina esa cuadra con zancada firme; hoy se siente entrenamiento, no paseo perdido."
ristretto,Ristretto,9,"Si falta energía, baja velocidad, pero llega a la esquina antes de parar."
ristretto,Ristretto,10,Cierra este bloque con veinte pasos extra; que se note quién tiene carácter.
ristretto,Ristretto,11,"Cuando quieras parar, dame diez pasos más y decide como capitán."
ristretto,Ristretto,12,Pon cinco minutos en el reloj: juega ese tramo sin mirar el marcador.
ristretto,Ristretto,13,"Busca una recta corta y úsala como tramo fuerte, con técnica limpia."
ristretto,Ristretto,14,"Respira dos veces antes de acelerar; potencia con cabeza, Ristretto."
ristretto,Ristretto,15,"Postura de campeón: pecho arriba, mandíbula suelta, pisada firme."
ristretto,Ristretto,16,Marca un destino visible y ve directo; nada de distraerse a mitad de jugada.
ristretto,Ristretto,17,"Baja un cambio si pierdes aire, pero conserva el paso hasta la próxima sombra."
ristretto,Ristretto,18,Diez pasos firmes después de cada giro; el ritmo no se regala.
ristretto,Ristretto,19,Tres minutos sin revisar el número; deja que el marcador sude contigo.
ristretto,Ristretto,20,Cierra la cuadra con brazos activos y sonrisa brava: eso ya huele a victoria.
ristretto,Ristretto,21,"¡Vamos, capitán!: elige una meta visible y llega sin aflojar. Me gusta esa garra! cada bloque ganado cuenta."
ristretto,Ristretto,22,El marcador está vivo! divide el objetivo en dos mini victorias; esto tiene energía de cierre. tu yo de mañana va a aplaudir.
ristretto,Ristretto,23,baja velocidad sin abandonar la jugada. Apretamos bonito: así se gana terreno; la meta se está acercando.
ristretto,Ristretto,24,Esto ya parece victoria: se te nota el carácter. divide el objetivo en dos mini victorias; cierra como capitán.
ristretto,Ristretto,25,"baja velocidad sin abandonar la jugada; el cuerpo ya despertó. Ristretto entra al campo, la victoria pequeña también vale."
ristretto,Ristretto,26,Remontada en marcha: camina una cuadra sin mirar el número. hoy mandas tú! ese empuje ya suma.
ristretto,Ristretto,27,Se juega hasta el cierre! baja velocidad sin abandonar la jugada; eso fue de atleta. vamos por otra jugada.
ristretto,Ristretto,28,camina una cuadra sin mirar el número. Vamos a romper la flojera: la sonrisa también compite; la victoria pequeña también vale.
ristretto,Ristretto,29,Modo final activado: el marcador empieza a respetarte. termina la canción caminando fuerte; ese empuje ya suma.
ristretto,Ristretto,30,"camina una cuadra sin mirar el número; me gusta esa garra. Pecho arriba, vamos por otra jugada."
ristretto,Ristretto,31,Ristretto no se esconde: termina la canción caminando fuerte. así se gana terreno! hoy se juega con cabeza y corazón.
ristretto,Ristretto,32,Ritmo de campeón! recupera el paso apenas termine la pausa; se te nota el carácter. terminar fuerte también se entrena.
ristretto,Ristretto,33,"termina la canción caminando fuerte. ¡Ese es mi atleta!: el cuerpo ya despertó; no era suerte, era ritmo."
ristretto,Ristretto,34,"Equipo, seguimos: qué buena remontada. recupera el paso apenas termine la pausa; cada bloque ganado cuenta."
ristretto,Ristretto,35,"haz diez pasos firmes después del semáforo; hoy mandas tú. Hoy hay chispa, terminar fuerte también se entrena."
ristretto,Ristretto,36,"No sueltes la jugada: recupera el paso apenas termine la pausa. la sonrisa también compite! no era suerte, era ritmo."
ristretto,Ristretto,37,Jugada rápida! haz diez pasos firmes después del semáforo; el marcador empieza a respetarte. cada bloque ganado cuenta.
ristretto,Ristretto,38,mantén una respiración fuerte pero cómoda. Último tramo con orgullo: me gusta esa garra; tu yo de mañana va a aplaudir.
ristretto,Ristretto,39,"Capitán, manda el ritmo: esto tiene energía de cierre. haz diez pasos firmes después del semáforo; la meta se está acercando."
ristretto,Ristretto,40,"mantén una respiración fuerte pero cómoda; así se gana terreno. Sonríe y acelera, cierra como capitán."
ristretto,Ristretto,41,El marcador está vivo: mantén abdomen activo hasta la esquina. el cuerpo ya despertó! la victoria pequeña también vale.
ristretto,Ristretto,42,Apretamos bonito! mantén una respiración fuerte pero cómoda; qué buena remontada. la meta se está acercando.
ristretto,Ristretto,43,mantén abdomen activo hasta la esquina. Esto ya parece victoria: hoy mandas tú; cierra como capitán.
ristretto,Ristretto,44,"¡Vamos, capitán!: eso fue de atleta. sube el ritmo treinta segundos y vuelve al control; la victoria pequeña también vale."
ristretto,Ristretto,45,"mantén abdomen activo hasta la esquina; la sonrisa también compite. Remontada en marcha, ese empuje ya suma."
ristretto,Ristretto,46,Se juega hasta el cierre: sube el ritmo treinta segundos y vuelve al control. Me gusta esa garra! vamos por otra jugada.
ristretto,Ristretto,47,Vamos a romper la flojera! toma agua y vuelve al bloque; esto tiene energía de cierre. hoy se juega con cabeza y corazón.
ristretto,Ristretto,48,sube el ritmo treinta segundos y vuelve al control. Ristretto entra al campo: así se gana terreno; terminar fuerte también se entrena.
ristretto,Ristretto,49,Pecho arriba: se te nota el carácter. toma agua y vuelve al bloque; vamos por otra jugada.
ristretto,Ristretto,50,"usa los brazos como si empujaras al equipo; el cuerpo ya despertó. Ristretto no se esconde, hoy se juega con cabeza y corazón."
ristretto,Ristretto,51,Ritmo de campeón: toma agua y vuelve al bloque. hoy mandas tú! terminar fuerte también se entrena.
ristretto,Ristretto,52,"Modo final activado! usa los brazos como si empujaras al equipo; eso fue de atleta. no era suerte, era ritmo."
ristretto,Ristretto,53,"aprieta en la recta y suelta en la esquina. Equipo, seguimos: la sonrisa también compite; cada bloque ganado cuenta."
ristretto,Ristretto,54,Hoy hay chispa: el marcador empieza a respetarte. usa los brazos como si empujaras al equipo; tu yo de mañana va a aplaudir.
ristretto,Ristretto,55,"aprieta en la recta y suelta en la esquina; me gusta esa garra. No sueltes la jugada, la meta se está acercando."
ristretto,Ristretto,56,¡Ese es mi atleta!: haz veinte pasos extra antes de pausar. así se gana terreno! cada bloque ganado cuenta.
ristretto,Ristretto,57,Último tramo con orgullo! aprieta en la recta y suelta en la esquina; se te nota el carácter. tu yo de mañana va a aplaudir.
ristretto,Ristretto,58,"haz veinte pasos extra antes de pausar. Capitán, manda el ritmo: el cuerpo ya despertó; la meta se está acercando."
ristretto,Ristretto,59,Sonríe y acelera: qué buena remontada. cuida la pisada antes de acelerar; cierra como capitán.
ristretto,Ristretto,60,"haz veinte pasos extra antes de pausar; hoy mandas tú. Jugada rápida, la victoria pequeña también vale."
ristretto,Ristretto,61,Apretamos bonito: cuida la pisada antes de acelerar. la sonrisa también compite! ese empuje ya suma.
ristretto,Ristretto,62,Esto ya parece victoria! elige una meta visible y llega sin aflojar; el marcador empieza a respetarte. vamos por otra jugada.
ristretto,Ristretto,63,"cuida la pisada antes de acelerar. ¡Vamos, capitán!: me gusta esa garra; la victoria pequeña también vale."
ristretto,Ristretto,64,El marcador está vivo: esto tiene energía de cierre. elige una meta visible y llega sin aflojar; ese empuje ya suma.
ristretto,Ristretto,65,"divide el objetivo en dos mini victorias; así se gana terreno. Se juega hasta el cierre, vamos por otra jugada."
ristretto,Ristretto,66,Vamos a romper la flojera: elige una meta visible y llega sin aflojar. el cuerpo ya despertó! hoy se juega con cabeza y corazón.
ristretto,Ristretto,67,Ristretto entra al campo! divide el objetivo en dos mini victorias; qué buena remontada. terminar fuerte también se entrena.
ristretto,Ristretto,68,"baja velocidad sin abandonar la jugada. Remontada en marcha: hoy mandas tú; no era suerte, era ritmo."
ristretto,Ristretto,69,Ristretto no se esconde: eso fue de atleta. divide el objetivo en dos mini victorias; cada bloque ganado cuenta.
ristretto,Ristretto,70,"baja velocidad sin abandonar la jugada; la sonrisa también compite. Ritmo de campeón, terminar fuerte también se entrena."
ristretto,Ristretto,71,"Modo final activado: camina una cuadra sin mirar el número. Me gusta esa garra! no era suerte, era ritmo."
ristretto,Ristretto,72,Pecho arriba! baja velocidad sin abandonar la jugada; esto tiene energía de cierre. cada bloque ganado cuenta.
ristretto,Ristretto,73,camina una cuadra sin mirar el número. Hoy hay chispa: así se gana terreno; tu yo de mañana va a aplaudir.
ristretto,Ristretto,74,No sueltes la jugada: se te nota el carácter. termina la canción caminando fuerte; la meta se está acercando.
ristretto,Ristretto,75,"camina una cuadra sin mirar el número; el cuerpo ya despertó. ¡Ese es mi atleta!, cierra como capitán."
ristretto,Ristretto,76,"Equipo, seguimos: termina la canción caminando fuerte. hoy mandas tú! la victoria pequeña también vale."
ristretto,Ristretto,77,"Capitán, manda el ritmo! recupera el paso apenas termine la pausa; eso fue de atleta. la meta se está acercando."
ristretto,Ristretto,78,termina la canción caminando fuerte. Sonríe y acelera: la sonrisa también compite; cierra como capitán.
ristretto,Ristretto,79,Jugada rápida: el marcador empieza a respetarte. recupera el paso apenas termine la pausa; la victoria pequeña también vale.
ristretto,Ristretto,80,"haz diez pasos firmes después del semáforo; me gusta esa garra. Último tramo con orgullo, ese empuje ya suma."
ristretto,Ristretto,81,Esto ya parece victoria: recupera el paso apenas termine la pausa. así se gana terreno! vamos por otra jugada.
ristretto,Ristretto,82,"¡Vamos, capitán!! haz diez pasos firmes después del semáforo; se te nota el carácter. hoy se juega con cabeza y corazón."
ristretto,Ristretto,83,mantén una respiración fuerte pero cómoda. El marcador está vivo: el cuerpo ya despertó; terminar fuerte también se entrena.
ristretto,Ristretto,84,Apretamos bonito: qué buena remontada. haz diez pasos firmes después del semáforo; vamos por otra jugada.
ristretto,Ristretto,85,"mantén una respiración fuerte pero cómoda; hoy mandas tú. Vamos a romper la flojera, hoy se juega con cabeza y corazón."
ristretto,Ristretto,86,Ristretto entra al campo: mantén abdomen activo hasta la esquina. la sonrisa también compite! terminar fuerte también se entrena.
ristretto,Ristretto,87,"Remontada en marcha! mantén una respiración fuerte pero cómoda; el marcador empieza a respetarte. no era suerte, era ritmo."
ristretto,Ristretto,88,mantén abdomen activo hasta la esquina. Se juega hasta el cierre: me gusta esa garra; cada bloque ganado cuenta.
ristretto,Ristretto,89,Ritmo de campeón: esto tiene energía de cierre. sube el ritmo treinta segundos y vuelve al control; tu yo de mañana va a aplaudir.
ristretto,Ristretto,90,"mantén abdomen activo hasta la esquina; así se gana terreno. Modo final activado, la meta se está acercando."
ristretto,Ristretto,91,Pecho arriba: sube el ritmo treinta segundos y vuelve al control. el cuerpo ya despertó! cada bloque ganado cuenta.
ristretto,Ristretto,92,Ristretto no se esconde! toma agua y vuelve al bloque; qué buena remontada. tu yo de mañana va a aplaudir.
ristretto,Ristretto,93,sube el ritmo treinta segundos y vuelve al control. No sueltes la jugada: hoy mandas tú; la meta se está acercando.
ristretto,Ristretto,94,¡Ese es mi atleta!: eso fue de atleta. toma agua y vuelve al bloque; cierra como capitán.
ristretto,Ristretto,95,"usa los brazos como si empujaras al equipo; la sonrisa también compite. Equipo, seguimos, la victoria pequeña también vale."
ristretto,Ristretto,96,Hoy hay chispa: toma agua y vuelve al bloque. Me gusta esa garra! ese empuje ya suma.
ristretto,Ristretto,97,Sonríe y acelera! usa los brazos como si empujaras al equipo; esto tiene energía de cierre. vamos por otra jugada.
ristretto,Ristretto,98,aprieta en la recta y suelta en la esquina. Jugada rápida: así se gana terreno; la victoria pequeña también vale.
ristretto,Ristretto,99,Último tramo con orgullo: se te nota el carácter. usa los brazos como si empujaras al equipo; ese empuje ya suma.
ristretto,Ristretto,100,"aprieta en la recta y suelta en la esquina; el cuerpo ya despertó. Capitán, manda el ritmo, vamos por otra jugada."
puchi,Puchi,1,"Ay, qué lindo: haz una vuelta cortita y elige una ruta que te dé ganas de sonreír."
puchi,Puchi,2,"Respira suave, baja los hombros y regálate dos minutos de pasitos bonitos."
puchi,Puchi,3,"Pon una canción linda y camina hasta que termine; tú y tu brillo, sin prisa."
puchi,Puchi,4,"Cuenta veinte pasitos sin mirar el reloj; cada uno cuenta, preciosa."
puchi,Puchi,5,"Si perdiste el ritmo, no pasa nada: diez pasos suaves y volvemos con amor."
puchi,Puchi,6,Toma agüita antes de seguir; cuidarte también es parte del glow.
puchi,Puchi,7,"Elige una esquina cercana y llega con pasos cómodos, no perfectos."
puchi,Puchi,8,Da una vuelta extra si te sientes ligera; mira qué bonito estás cumpliendo.
puchi,Puchi,9,Camina por un lugar que te guste; el ánimo también merece decoración.
puchi,Puchi,10,"Haz cinco minutos tuyos, sin regaños, sin drama, con cariño."
puchi,Puchi,11,Suelta los hombros en cada cruce y vuelve a tu ritmo dulce.
puchi,Puchi,12,"Si hoy cuesta, bajamos la meta a una cuadra y la cumplimos bonito."
puchi,Puchi,13,"Alarga la espalda, respira fácil y deja que el paso se ponga cómodo."
puchi,Puchi,14,Celebra ese bloque pequeño; lo tierno también puede ser fuerte.
puchi,Puchi,15,Camina hasta ver algo lindo y úsalo como mini premio.
puchi,Puchi,16,Guarda el teléfono por una canción; deja que tus pasos tengan brillito.
puchi,Puchi,17,Pasos cómodos por cinco minutos; suave también es progreso real.
puchi,Puchi,18,"Antes de acelerar, revisa hombros, respiración y sonrisita."
puchi,Puchi,19,"Pausa breve, agua, y volvemos con pasitos tranquilos."
puchi,Puchi,20,"Termina la próxima cuadra y date crédito; cumpliste, y eso se ve hermoso."
puchi,Puchi,21,"Ay, vamos bonito: elige una esquina cercana y llega tranquila. Qué bonito verte intentarlo! cada pasito cuenta muchísimo."
puchi,Puchi,22,Qué linda constancia! vuelve despacio si perdiste el ritmo; tu esfuerzo se ve precioso. tu cuerpo recibe ese cariño.
puchi,Puchi,23,guarda el teléfono durante un minuto. Dale sparkle al camino: esto también es amor propio; hoy mereces ese orgullo.
puchi,Puchi,24,Qué orgullo tan dulce: me encanta esa suavidad fuerte. vuelve despacio si perdiste el ritmo; vamos por otro poquito bonito.
puchi,Puchi,25,"guarda el teléfono durante un minuto; mira cómo vuelves a ti. Puchi está contigo, lo pequeño también cambia el día."
puchi,Puchi,26,"Con cariño, seguimos: da una vuelta extra si te queda energía. ese pasito tiene luz! qué lindo verte volver."
puchi,Puchi,27,"Sin drama, con amor! guarda el teléfono durante un minuto; hoy estás siendo buena contigo. tú también eres prioridad."
puchi,Puchi,28,da una vuelta extra si te queda energía. Vuelta con encanto: la constancia te queda divina; lo pequeño también cambia el día.
puchi,Puchi,29,Pasitos con brillo: qué dulzura de avance. cierra la cuadra y celébralo bajito; qué lindo verte volver.
puchi,Puchi,30,"da una vuelta extra si te queda energía; qué bonito verte intentarlo. Pasito coqueto, tú también eres prioridad."
puchi,Puchi,31,Puchi celebra esto: cierra la cuadra y celébralo bajito. esto también es amor propio! la meta se acerca sin presión.
puchi,Puchi,32,Sonríe tantito! haz cinco minutos que se sientan tuyos; me encanta esa suavidad fuerte. seguir suave sigue siendo seguir.
puchi,Puchi,33,"cierra la cuadra y celébralo bajito. Mi amor, suavecito: mira cómo vuelves a ti; este bloque ya brilla."
puchi,Puchi,34,Mini meta preciosa: te estás tratando con ternura. haz cinco minutos que se sientan tuyos; cada pasito cuenta muchísimo.
puchi,Puchi,35,"haz diez pasitos más antes de sentarte; ese pasito tiene luz. Tu glow también camina, seguir suave sigue siendo seguir."
puchi,Puchi,36,"Cero presión, mucho cariño: haz cinco minutos que se sientan tuyos. la constancia te queda divina! este bloque ya brilla."
puchi,Puchi,37,Momento cute! haz diez pasitos más antes de sentarte; qué dulzura de avance. cada pasito cuenta muchísimo.
puchi,Puchi,38,"toma agua y vuelve con calma. Respira, bonita: qué bonito verte intentarlo; tu cuerpo recibe ese cariño."
puchi,Puchi,39,Hoy te cuidas bonito: tu esfuerzo se ve precioso. haz diez pasitos más antes de sentarte; hoy mereces ese orgullo.
puchi,Puchi,40,"toma agua y vuelve con calma; esto también es amor propio. Vamos florcita, vamos por otro poquito bonito."
puchi,Puchi,41,Qué linda constancia: camina hasta ver algo que te saque sonrisa. mira cómo vuelves a ti! lo pequeño también cambia el día.
puchi,Puchi,42,Dale sparkle al camino! toma agua y vuelve con calma; te estás tratando con ternura. hoy mereces ese orgullo.
puchi,Puchi,43,camina hasta ver algo que te saque sonrisa. Qué orgullo tan dulce: ese pasito tiene luz; vamos por otro poquito bonito.
puchi,Puchi,44,"Ay, vamos bonito: hoy estás siendo buena contigo. cuenta treinta pasos sin mirar el celular; lo pequeño también cambia el día."
puchi,Puchi,45,"camina hasta ver algo que te saque sonrisa; la constancia te queda divina. Con cariño, seguimos, qué lindo verte volver."
puchi,Puchi,46,"Sin drama, con amor: cuenta treinta pasos sin mirar el celular. Qué bonito verte intentarlo! tú también eres prioridad."
puchi,Puchi,47,Vuelta con encanto! suelta las manos y respira fácil; tu esfuerzo se ve precioso. la meta se acerca sin presión.
puchi,Puchi,48,cuenta treinta pasos sin mirar el celular. Puchi está contigo: esto también es amor propio; seguir suave sigue siendo seguir.
puchi,Puchi,49,Pasito coqueto: me encanta esa suavidad fuerte. suelta las manos y respira fácil; tú también eres prioridad.
puchi,Puchi,50,"relaja hombros y mandíbula antes de seguir; mira cómo vuelves a ti. Puchi celebra esto, la meta se acerca sin presión."
puchi,Puchi,51,Sonríe tantito: suelta las manos y respira fácil. ese pasito tiene luz! seguir suave sigue siendo seguir.
puchi,Puchi,52,Pasitos con brillo! relaja hombros y mandíbula antes de seguir; hoy estás siendo buena contigo. este bloque ya brilla.
puchi,Puchi,53,"elige pasos cómodos, no perfectos. Mini meta preciosa: la constancia te queda divina; cada pasito cuenta muchísimo."
puchi,Puchi,54,Tu glow también camina: qué dulzura de avance. relaja hombros y mandíbula antes de seguir; tu cuerpo recibe ese cariño.
puchi,Puchi,55,"elige pasos cómodos, no perfectos; qué bonito verte intentarlo. Cero presión, mucho cariño, hoy mereces ese orgullo."
puchi,Puchi,56,"Mi amor, suavecito: pon una canción que te guste y camínala completa. esto también es amor propio! cada pasito cuenta muchísimo."
puchi,Puchi,57,"Respira, bonita! elige pasos cómodos, no perfectos; me encanta esa suavidad fuerte. tu cuerpo recibe ese cariño."
puchi,Puchi,58,pon una canción que te guste y camínala completa. Hoy te cuidas bonito: mira cómo vuelves a ti; hoy mereces ese orgullo.
puchi,Puchi,59,Vamos florcita: te estás tratando con ternura. camina por el lado más bonito de la calle; vamos por otro poquito bonito.
puchi,Puchi,60,"pon una canción que te guste y camínala completa; ese pasito tiene luz. Momento cute, lo pequeño también cambia el día."
puchi,Puchi,61,Dale sparkle al camino: camina por el lado más bonito de la calle. la constancia te queda divina! qué lindo verte volver.
puchi,Puchi,62,Qué orgullo tan dulce! elige una esquina cercana y llega tranquila; qué dulzura de avance. tú también eres prioridad.
puchi,Puchi,63,"camina por el lado más bonito de la calle. Ay, vamos bonito: qué bonito verte intentarlo; lo pequeño también cambia el día."
puchi,Puchi,64,Qué linda constancia: tu esfuerzo se ve precioso. elige una esquina cercana y llega tranquila; qué lindo verte volver.
puchi,Puchi,65,"vuelve despacio si perdiste el ritmo; esto también es amor propio. Sin drama, con amor, tú también eres prioridad."
puchi,Puchi,66,Vuelta con encanto: elige una esquina cercana y llega tranquila. mira cómo vuelves a ti! la meta se acerca sin presión.
puchi,Puchi,67,Puchi está contigo! vuelve despacio si perdiste el ritmo; te estás tratando con ternura. seguir suave sigue siendo seguir.
puchi,Puchi,68,"guarda el teléfono durante un minuto. Con cariño, seguimos: ese pasito tiene luz; este bloque ya brilla."
puchi,Puchi,69,Puchi celebra esto: hoy estás siendo buena contigo. vuelve despacio si perdiste el ritmo; cada pasito cuenta muchísimo.
puchi,Puchi,70,"guarda el teléfono durante un minuto; la constancia te queda divina. Sonríe tantito, seguir suave sigue siendo seguir."
puchi,Puchi,71,Pasitos con brillo: da una vuelta extra si te queda energía. Qué bonito verte intentarlo! este bloque ya brilla.
puchi,Puchi,72,Pasito coqueto! guarda el teléfono durante un minuto; tu esfuerzo se ve precioso. cada pasito cuenta muchísimo.
puchi,Puchi,73,da una vuelta extra si te queda energía. Tu glow también camina: esto también es amor propio; tu cuerpo recibe ese cariño.
puchi,Puchi,74,"Cero presión, mucho cariño: me encanta esa suavidad fuerte. cierra la cuadra y celébralo bajito; hoy mereces ese orgullo."
puchi,Puchi,75,"da una vuelta extra si te queda energía; mira cómo vuelves a ti. Mi amor, suavecito, vamos por otro poquito bonito."
puchi,Puchi,76,Mini meta preciosa: cierra la cuadra y celébralo bajito. ese pasito tiene luz! lo pequeño también cambia el día.
puchi,Puchi,77,Hoy te cuidas bonito! haz cinco minutos que se sientan tuyos; hoy estás siendo buena contigo. hoy mereces ese orgullo.
puchi,Puchi,78,cierra la cuadra y celébralo bajito. Vamos florcita: la constancia te queda divina; vamos por otro poquito bonito.
puchi,Puchi,79,Momento cute: qué dulzura de avance. haz cinco minutos que se sientan tuyos; lo pequeño también cambia el día.
puchi,Puchi,80,"haz diez pasitos más antes de sentarte; qué bonito verte intentarlo. Respira, bonita, qué lindo verte volver."
puchi,Puchi,81,Qué orgullo tan dulce: haz cinco minutos que se sientan tuyos. esto también es amor propio! tú también eres prioridad.
puchi,Puchi,82,"Ay, vamos bonito! haz diez pasitos más antes de sentarte; me encanta esa suavidad fuerte. la meta se acerca sin presión."
puchi,Puchi,83,toma agua y vuelve con calma. Qué linda constancia: mira cómo vuelves a ti; seguir suave sigue siendo seguir.
puchi,Puchi,84,Dale sparkle al camino: te estás tratando con ternura. haz diez pasitos más antes de sentarte; tú también eres prioridad.
puchi,Puchi,85,"toma agua y vuelve con calma; ese pasito tiene luz. Vuelta con encanto, la meta se acerca sin presión."
puchi,Puchi,86,Puchi está contigo: camina hasta ver algo que te saque sonrisa. la constancia te queda divina! seguir suave sigue siendo seguir.
puchi,Puchi,87,"Con cariño, seguimos! toma agua y vuelve con calma; qué dulzura de avance. este bloque ya brilla."
puchi,Puchi,88,"camina hasta ver algo que te saque sonrisa. Sin drama, con amor: qué bonito verte intentarlo; cada pasito cuenta muchísimo."
puchi,Puchi,89,Sonríe tantito: tu esfuerzo se ve precioso. cuenta treinta pasos sin mirar el celular; tu cuerpo recibe ese cariño.
puchi,Puchi,90,"camina hasta ver algo que te saque sonrisa; esto también es amor propio. Pasitos con brillo, hoy mereces ese orgullo."
puchi,Puchi,91,Pasito coqueto: cuenta treinta pasos sin mirar el celular. mira cómo vuelves a ti! cada pasito cuenta muchísimo.
puchi,Puchi,92,Puchi celebra esto! suelta las manos y respira fácil; te estás tratando con ternura. tu cuerpo recibe ese cariño.
puchi,Puchi,93,"cuenta treinta pasos sin mirar el celular. Cero presión, mucho cariño: ese pasito tiene luz; hoy mereces ese orgullo."
puchi,Puchi,94,"Mi amor, suavecito: hoy estás siendo buena contigo. suelta las manos y respira fácil; vamos por otro poquito bonito."
puchi,Puchi,95,"relaja hombros y mandíbula antes de seguir; la constancia te queda divina. Mini meta preciosa, lo pequeño también cambia el día."
puchi,Puchi,96,Tu glow también camina: suelta las manos y respira fácil. Qué bonito verte intentarlo! qué lindo verte volver.
puchi,Puchi,97,Vamos florcita! relaja hombros y mandíbula antes de seguir; tu esfuerzo se ve precioso. tú también eres prioridad.
puchi,Puchi,98,"elige pasos cómodos, no perfectos. Momento cute: esto también es amor propio; lo pequeño también cambia el día."
puchi,Puchi,99,"Respira, bonita: me encanta esa suavidad fuerte. relaja hombros y mandíbula antes de seguir; qué lindo verte volver."
puchi,Puchi,100,"elige pasos cómodos, no perfectos; mira cómo vuelves a ti. Hoy te cuidas bonito, tú también eres prioridad."
togo,Togo,1,Pon una canción y camínala completa; no mires el contador hasta el último beat.
togo,Togo,2,"Ocho pasos parejos, respira, repite: ya encontraste el groove."
togo,Togo,3,"Si el ritmo se cayó, vuelve con diez pasos cortos y seguros."
togo,Togo,4,Usa los cruces como cambios de pista: cruzas y recuperas tempo.
togo,Togo,5,"Hombros sueltos, pies ligeros; el flow también cuida la técnica."
togo,Togo,6,"Una cuadra al ritmo del bajo y otra más tranquila: buen mix, Togo."
togo,Togo,7,"Si estás esperando algo, convierte la espera en pasitos alrededor."
togo,Togo,8,Bájale volumen al día: dos minutos caminando sin mirar el teléfono.
togo,Togo,9,"Elige un beat cómodo; si no puedes respirar, baja el tempo."
togo,Togo,10,Cierra el tramo como final de canción: constante hasta el último paso.
togo,Togo,11,"Cuatro tiempos inhalando, cuatro caminando fuerte; vuelve al compás."
togo,Togo,12,Busca una recta y mantén el mismo ritmo de principio a fin.
togo,Togo,13,"En subida, pasos cortos y aire guardado; ese es el truco."
togo,Togo,14,"Modo groove: brazos suaves, espalda alta, pies despiertos."
togo,Togo,15,El próximo semáforo es tu señal para empezar otra ronda.
togo,Togo,16,"Usa el coro para subir un poquito el ritmo, sin perder el flow."
togo,Togo,17,"Si te distraes, vuelve al beat con pasos cortos y mirada alta."
togo,Togo,18,Relaja hombros antes de acelerar; el ritmo sale mejor sin tensión.
togo,Togo,19,"Agua entre bloques y regreso al tempo, suave pero seguro."
togo,Togo,20,Termina la cuadra con el mismo compás con el que arrancaste.
togo,Togo,21,Togo trae el beat: elige una canción y camina hasta que termine. Ese ritmo está sabroso! la meta suena más cerca.
togo,Togo,22,Bajo interno! haz dos minutos sin revisar el teléfono; el cuerpo encontró la pista. terminas con estilo.
togo,Togo,23,termina el tramo como cierre de canción. Paso con swing: qué bien suena esa constancia; sigue hasta el próximo beat.
togo,Togo,24,Súbelo tantito: eso tiene flow real. haz dos minutos sin revisar el teléfono; cierra en tempo.
togo,Togo,25,"termina el tramo como cierre de canción; la energía cambió de tono. Flow de calle, la racha mantiene el compás."
togo,Togo,26,Modo playlist: usa la próxima esquina como cambio de pista. el beat interno despertó! el conteo empieza a bailar contigo.
togo,Togo,27,La acera tiene música! termina el tramo como cierre de canción; ese paso no está tieso. tu cuerpo ya agarró onda.
togo,Togo,28,usa la próxima esquina como cambio de pista. Que camine el bajo: la calle te sigue el compás; la racha mantiene el compás.
togo,Togo,29,Dale groove: hoy el conteo tiene música. toma agua y vuelve al ritmo; el conteo empieza a bailar contigo.
togo,Togo,30,"usa la próxima esquina como cambio de pista; ese ritmo está sabroso. Tempo limpio, tu cuerpo ya agarró onda."
togo,Togo,31,Beat activo: toma agua y vuelve al ritmo. qué bien suena esa constancia! tu ritmo te lleva lejos.
togo,Togo,32,Pies en tempo! camina una cuadra con ritmo constante; eso tiene flow real. ese flow sí suma.
togo,Togo,33,toma agua y vuelve al ritmo. Suena ese paso: la energía cambió de tono; la constancia también tiene música.
togo,Togo,34,Coro del día: vas caminando con estilo. camina una cuadra con ritmo constante; la meta suena más cerca.
togo,Togo,35,"mantén pies ligeros y mirada alta; el beat interno despertó. Ritmo cool, ese flow sí suma."
togo,Togo,36,Cierre con estilo: camina una cuadra con ritmo constante. la calle te sigue el compás! la constancia también tiene música.
togo,Togo,37,Compás firme! mantén pies ligeros y mirada alta; hoy el conteo tiene música. la meta suena más cerca.
togo,Togo,38,baja velocidad si pierdes el aire. Cambia de pista: ese ritmo está sabroso; terminas con estilo.
togo,Togo,39,Togo aprueba ese flow: el cuerpo encontró la pista. mantén pies ligeros y mirada alta; sigue hasta el próximo beat.
togo,Togo,40,"baja velocidad si pierdes el aire; qué bien suena esa constancia. Esto ya tiene ritmo, cierra en tempo."
togo,Togo,41,Bajo interno: respira profundo entre bloques. la energía cambió de tono! la racha mantiene el compás.
togo,Togo,42,Paso con swing! baja velocidad si pierdes el aire; vas caminando con estilo. sigue hasta el próximo beat.
togo,Togo,43,respira profundo entre bloques. Súbelo tantito: el beat interno despertó; cierra en tempo.
togo,Togo,44,Togo trae el beat: ese paso no está tieso. mueve los brazos como metrónomo suave; la racha mantiene el compás.
togo,Togo,45,"respira profundo entre bloques; la calle te sigue el compás. Modo playlist, el conteo empieza a bailar contigo."
togo,Togo,46,La acera tiene música: mueve los brazos como metrónomo suave. Ese ritmo está sabroso! tu cuerpo ya agarró onda.
togo,Togo,47,Que camine el bajo! alarga la zancada en la recta; el cuerpo encontró la pista. tu ritmo te lleva lejos.
togo,Togo,48,mueve los brazos como metrónomo suave. Flow de calle: qué bien suena esa constancia; ese flow sí suma.
togo,Togo,49,Tempo limpio: eso tiene flow real. alarga la zancada en la recta; tu cuerpo ya agarró onda.
togo,Togo,50,"recupera el tempo después de la pausa; la energía cambió de tono. Beat activo, tu ritmo te lleva lejos."
togo,Togo,51,Pies en tempo: alarga la zancada en la recta. el beat interno despertó! ese flow sí suma.
togo,Togo,52,Dale groove! recupera el tempo después de la pausa; ese paso no está tieso. la constancia también tiene música.
togo,Togo,53,marca pasos cortos en subida. Coro del día: la calle te sigue el compás; la meta suena más cerca.
togo,Togo,54,Ritmo cool: hoy el conteo tiene música. recupera el tempo después de la pausa; terminas con estilo.
togo,Togo,55,"marca pasos cortos en subida; ese ritmo está sabroso. Cierre con estilo, sigue hasta el próximo beat."
togo,Togo,56,Suena ese paso: cuenta ocho pasos parejos y repite. qué bien suena esa constancia! la meta suena más cerca.
togo,Togo,57,Cambia de pista! marca pasos cortos en subida; eso tiene flow real. terminas con estilo.
togo,Togo,58,cuenta ocho pasos parejos y repite. Togo aprueba ese flow: la energía cambió de tono; sigue hasta el próximo beat.
togo,Togo,59,Esto ya tiene ritmo: vas caminando con estilo. convierte la espera en pasos pequeños; cierra en tempo.
togo,Togo,60,"cuenta ocho pasos parejos y repite; el beat interno despertó. Compás firme, la racha mantiene el compás."
togo,Togo,61,Paso con swing: convierte la espera en pasos pequeños. la calle te sigue el compás! el conteo empieza a bailar contigo.
togo,Togo,62,Súbelo tantito! elige una canción y camina hasta que termine; hoy el conteo tiene música. tu cuerpo ya agarró onda.
togo,Togo,63,convierte la espera en pasos pequeños. Togo trae el beat: ese ritmo está sabroso; la racha mantiene el compás.
togo,Togo,64,Bajo interno: el cuerpo encontró la pista. elige una canción y camina hasta que termine; el conteo empieza a bailar contigo.
togo,Togo,65,"haz dos minutos sin revisar el teléfono; qué bien suena esa constancia. La acera tiene música, tu cuerpo ya agarró onda."
togo,Togo,66,Que camine el bajo: elige una canción y camina hasta que termine. la energía cambió de tono! tu ritmo te lleva lejos.
togo,Togo,67,Flow de calle! haz dos minutos sin revisar el teléfono; vas caminando con estilo. ese flow sí suma.
togo,Togo,68,termina el tramo como cierre de canción. Modo playlist: el beat interno despertó; la constancia también tiene música.
togo,Togo,69,Beat activo: ese paso no está tieso. haz dos minutos sin revisar el teléfono; la meta suena más cerca.
togo,Togo,70,"termina el tramo como cierre de canción; la calle te sigue el compás. Pies en tempo, ese flow sí suma."
togo,Togo,71,Dale groove: usa la próxima esquina como cambio de pista. Ese ritmo está sabroso! la constancia también tiene música.
togo,Togo,72,Tempo limpio! termina el tramo como cierre de canción; el cuerpo encontró la pista. la meta suena más cerca.
togo,Togo,73,usa la próxima esquina como cambio de pista. Ritmo cool: qué bien suena esa constancia; terminas con estilo.
togo,Togo,74,Cierre con estilo: eso tiene flow real. toma agua y vuelve al ritmo; sigue hasta el próximo beat.
togo,Togo,75,"usa la próxima esquina como cambio de pista; la energía cambió de tono. Suena ese paso, cierra en tempo."
togo,Togo,76,Coro del día: toma agua y vuelve al ritmo. el beat interno despertó! la racha mantiene el compás.
togo,Togo,77,Togo aprueba ese flow! camina una cuadra con ritmo constante; ese paso no está tieso. sigue hasta el próximo beat.
togo,Togo,78,toma agua y vuelve al ritmo. Esto ya tiene ritmo: la calle te sigue el compás; cierra en tempo.
togo,Togo,79,Compás firme: hoy el conteo tiene música. camina una cuadra con ritmo constante; la racha mantiene el compás.
togo,Togo,80,"mantén pies ligeros y mirada alta; ese ritmo está sabroso. Cambia de pista, el conteo empieza a bailar contigo."
togo,Togo,81,Súbelo tantito: camina una cuadra con ritmo constante. qué bien suena esa constancia! tu cuerpo ya agarró onda.
togo,Togo,82,Togo trae el beat! mantén pies ligeros y mirada alta; eso tiene flow real. tu ritmo te lleva lejos.
togo,Togo,83,baja velocidad si pierdes el aire. Bajo interno: la energía cambió de tono; ese flow sí suma.
togo,Togo,84,Paso con swing: vas caminando con estilo. mantén pies ligeros y mirada alta; tu cuerpo ya agarró onda.
togo,Togo,85,"baja velocidad si pierdes el aire; el beat interno despertó. Que camine el bajo, tu ritmo te lleva lejos."
togo,Togo,86,Flow de calle: respira profundo entre bloques. la calle te sigue el compás! ese flow sí suma.
togo,Togo,87,Modo playlist! baja velocidad si pierdes el aire; hoy el conteo tiene música. la constancia también tiene música.
togo,Togo,88,respira profundo entre bloques. La acera tiene música: ese ritmo está sabroso; la meta suena más cerca.
togo,Togo,89,Pies en tempo: el cuerpo encontró la pista. mueve los brazos como metrónomo suave; terminas con estilo.
togo,Togo,90,"respira profundo entre bloques; qué bien suena esa constancia. Dale groove, sigue hasta el próximo beat."
togo,Togo,91,Tempo limpio: mueve los brazos como metrónomo suave. la energía cambió de tono! la meta suena más cerca.
togo,Togo,92,Beat activo! alarga la zancada en la recta; vas caminando con estilo. terminas con estilo.
togo,Togo,93,mueve los brazos como metrónomo suave. Cierre con estilo: el beat interno despertó; sigue hasta el próximo beat.
togo,Togo,94,Suena ese paso: ese paso no está tieso. alarga la zancada en la recta; cierra en tempo.
togo,Togo,95,"recupera el tempo después de la pausa; la calle te sigue el compás. Coro del día, la racha mantiene el compás."
togo,Togo,96,Ritmo cool: alarga la zancada en la recta. Ese ritmo está sabroso! el conteo empieza a bailar contigo.
togo,Togo,97,Esto ya tiene ritmo! recupera el tempo después de la pausa; el cuerpo encontró la pista. tu cuerpo ya agarró onda.
togo,Togo,98,marca pasos cortos en subida. Compás firme: qué bien suena esa constancia; la racha mantiene el compás.
togo,Togo,99,Cambia de pista: eso tiene flow real. recupera el tempo después de la pausa; el conteo empieza a bailar contigo.
togo,Togo,100,"marca pasos cortos en subida; la energía cambió de tono. Togo aprueba ese flow, tu cuerpo ya agarró onda."
granito,Granito,1,"¡Misión mini! Llega al árbol, marca la esquina con la mirada y vuelve."
granito,Granito,2,Busca tres cosas en la ruta y camina hasta encontrarlas; modo explorador.
granito,Granito,3,"Reto de juego: cincuenta pasos; si llegas, sonrisa y diez más."
granito,Granito,4,"Si te aburres, cambia de calle: la caminata ahora es aventura."
granito,Granito,5,Camina hasta el próximo color verde que veas; Granito aprueba la misión.
granito,Granito,6,Acelera diez pasos y vuelve suave; jugar con el ritmo también entrena.
granito,Granito,7,Una vuelta chiquita alrededor de la manzana antes de decidir parar.
granito,Granito,8,Convierte la espera en pasitos; que el contador no se duerma.
granito,Granito,9,Dos minutos sin mirar el teléfono; busca detalles escondidos.
granito,Granito,10,"Si estás cansado, pasos cortos; la aventura no se cancela."
granito,Granito,11,"Prueba una ruta diferente, aunque sea media cuadra. ¡Nuevo mapa!"
granito,Granito,12,"Mapa mental: puerta, sombra, esquina, siguiente objetivo."
granito,Granito,13,Agua como parte de la misión y de vuelta al juego.
granito,Granito,14,Diez pasos alegres para cerrar; premio pequeño para el cuerpo.
granito,Granito,15,"Busca una sombra, llega a ella y elige la siguiente pista."
granito,Granito,16,Elige una meta curiosa y camina hasta verla de cerca.
granito,Granito,17,Veinte pasos con rebote y luego vuelves al ritmo normal.
granito,Granito,18,"Si la ruta está aburrida, inventa un reto de colores."
granito,Granito,19,"Pausa convertida en mini ronda: cinco pasos de ida, cinco de vuelta."
granito,Granito,20,Completa una vuelta chiquita antes de revisar si quieres seguir.
granito,Granito,21,¡Misión Granito!: elige tres cosas para encontrar en la ruta. Esto se puso divertido! moverte también puede ser juego.
granito,Granito,22,Siguiente pista! toma agua como parte del juego; la aventura ya empezó. una aventura corta también cuenta.
granito,Granito,23,termina con diez pasos alegres. Juego en serio: qué buena chispa tienes; este mini reto ya valió.
granito,Granito,24,Alerta de aventura: el aburrimiento perdió. toma agua como parte del juego; Granito quiere otra vuelta.
granito,Granito,25,"termina con diez pasos alegres; me encanta ese rebote. Modo juego, el conteo sube sin drama."
granito,Granito,26,Explorador feliz: haz una pausa breve y reinicia la misión. ese mini reto cuenta muchísimo! tu racha gana chispa.
granito,Granito,27,Objetivo divertido! termina con diez pasos alegres; hoy estás jugando en serio. vamos por la siguiente pista.
granito,Granito,28,haz una pausa breve y reinicia la misión. Pasitos curiosos: tu energía anda despierta; el conteo sube sin drama.
granito,Granito,29,Reto travieso: la ruta se volvió mapa. convierte una espera en pasitos; tu racha gana chispa.
granito,Granito,30,"haz una pausa breve y reinicia la misión; esto se puso divertido. Pasos con chispa, vamos por la siguiente pista."
granito,Granito,31,Vuelta sorpresa: convierte una espera en pasitos. qué buena chispa tienes! cada pasito despierta el ánimo.
granito,Granito,32,Vamos a investigar! mueve los brazos con alegría; el aburrimiento perdió. el camino se pone interesante.
granito,Granito,33,convierte una espera en pasitos. Mapa secreto: me encanta ese rebote; la diversión también suma pasos.
granito,Granito,34,Búsqueda rápida: la curiosidad está empujando. mueve los brazos con alegría; moverte también puede ser juego.
granito,Granito,35,"sigue hasta el próximo color que veas; ese mini reto cuenta muchísimo. Granito encontró una misión, el camino se pone interesante."
granito,Granito,36,Ruta misteriosa: mueve los brazos con alegría. tu energía anda despierta! la diversión también suma pasos.
granito,Granito,37,Mini aventura! sigue hasta el próximo color que veas; la ruta se volvió mapa. moverte también puede ser juego.
granito,Granito,38,acelera diez pasos y vuelve suave. Energía de recreo: esto se puso divertido; una aventura corta también cuenta.
granito,Granito,39,Desafío chiquito: la aventura ya empezó. sigue hasta el próximo color que veas; este mini reto ya valió.
granito,Granito,40,"acelera diez pasos y vuelve suave; qué buena chispa tienes. Pum, nuevo reto, Granito quiere otra vuelta."
granito,Granito,41,Siguiente pista: usa pasos cortos si estás cansado. me encanta ese rebote! el conteo sube sin drama.
granito,Granito,42,Juego en serio! acelera diez pasos y vuelve suave; la curiosidad está empujando. este mini reto ya valió.
granito,Granito,43,usa pasos cortos si estás cansado. Alerta de aventura: ese mini reto cuenta muchísimo; Granito quiere otra vuelta.
granito,Granito,44,¡Misión Granito!: hoy estás jugando en serio. da una vuelta extra alrededor de la manzana; el conteo sube sin drama.
granito,Granito,45,"usa pasos cortos si estás cansado; tu energía anda despierta. Explorador feliz, tu racha gana chispa."
granito,Granito,46,Objetivo divertido: da una vuelta extra alrededor de la manzana. Esto se puso divertido! vamos por la siguiente pista.
granito,Granito,47,Pasitos curiosos! camina dos minutos sin revisar el teléfono; la aventura ya empezó. cada pasito despierta el ánimo.
granito,Granito,48,da una vuelta extra alrededor de la manzana. Modo juego: qué buena chispa tienes; el camino se pone interesante.
granito,Granito,49,Pasos con chispa: el aburrimiento perdió. camina dos minutos sin revisar el teléfono; vamos por la siguiente pista.
granito,Granito,50,"cuenta cincuenta pasos como reto; me encanta ese rebote. Vuelta sorpresa, cada pasito despierta el ánimo."
granito,Granito,51,Vamos a investigar: camina dos minutos sin revisar el teléfono. ese mini reto cuenta muchísimo! el camino se pone interesante.
granito,Granito,52,Reto travieso! cuenta cincuenta pasos como reto; hoy estás jugando en serio. la diversión también suma pasos.
granito,Granito,53,elige una meta que te dé curiosidad. Búsqueda rápida: tu energía anda despierta; moverte también puede ser juego.
granito,Granito,54,Granito encontró una misión: la ruta se volvió mapa. cuenta cincuenta pasos como reto; una aventura corta también cuenta.
granito,Granito,55,"elige una meta que te dé curiosidad; esto se puso divertido. Ruta misteriosa, este mini reto ya valió."
granito,Granito,56,Mapa secreto: camina hasta una sombra y luego otra. qué buena chispa tienes! moverte también puede ser juego.
granito,Granito,57,Energía de recreo! elige una meta que te dé curiosidad; el aburrimiento perdió. una aventura corta también cuenta.
granito,Granito,58,camina hasta una sombra y luego otra. Desafío chiquito: me encanta ese rebote; este mini reto ya valió.
granito,Granito,59,"Pum, nuevo reto: la curiosidad está empujando. cambia de calle si puedes explorar; Granito quiere otra vuelta."
granito,Granito,60,"camina hasta una sombra y luego otra; ese mini reto cuenta muchísimo. Mini aventura, el conteo sube sin drama."
granito,Granito,61,Juego en serio: cambia de calle si puedes explorar. tu energía anda despierta! tu racha gana chispa.
granito,Granito,62,Alerta de aventura! elige tres cosas para encontrar en la ruta; la ruta se volvió mapa. vamos por la siguiente pista.
granito,Granito,63,cambia de calle si puedes explorar. ¡Misión Granito!: esto se puso divertido; el conteo sube sin drama.
granito,Granito,64,Siguiente pista: la aventura ya empezó. elige tres cosas para encontrar en la ruta; tu racha gana chispa.
granito,Granito,65,"toma agua como parte del juego; qué buena chispa tienes. Objetivo divertido, vamos por la siguiente pista."
granito,Granito,66,Pasitos curiosos: elige tres cosas para encontrar en la ruta. me encanta ese rebote! cada pasito despierta el ánimo.
granito,Granito,67,Modo juego! toma agua como parte del juego; la curiosidad está empujando. el camino se pone interesante.
granito,Granito,68,termina con diez pasos alegres. Explorador feliz: ese mini reto cuenta muchísimo; la diversión también suma pasos.
granito,Granito,69,Vuelta sorpresa: hoy estás jugando en serio. toma agua como parte del juego; moverte también puede ser juego.
granito,Granito,70,"termina con diez pasos alegres; tu energía anda despierta. Vamos a investigar, el camino se pone interesante."
granito,Granito,71,Reto travieso: haz una pausa breve y reinicia la misión. Esto se puso divertido! la diversión también suma pasos.
granito,Granito,72,Pasos con chispa! termina con diez pasos alegres; la aventura ya empezó. moverte también puede ser juego.
granito,Granito,73,haz una pausa breve y reinicia la misión. Granito encontró una misión: qué buena chispa tienes; una aventura corta también cuenta.
granito,Granito,74,Ruta misteriosa: el aburrimiento perdió. convierte una espera en pasitos; este mini reto ya valió.
granito,Granito,75,"haz una pausa breve y reinicia la misión; me encanta ese rebote. Mapa secreto, Granito quiere otra vuelta."
granito,Granito,76,Búsqueda rápida: convierte una espera en pasitos. ese mini reto cuenta muchísimo! el conteo sube sin drama.
granito,Granito,77,Desafío chiquito! mueve los brazos con alegría; hoy estás jugando en serio. este mini reto ya valió.
granito,Granito,78,"convierte una espera en pasitos. Pum, nuevo reto: tu energía anda despierta; Granito quiere otra vuelta."
granito,Granito,79,Mini aventura: la ruta se volvió mapa. mueve los brazos con alegría; el conteo sube sin drama.
granito,Granito,80,"sigue hasta el próximo color que veas; esto se puso divertido. Energía de recreo, tu racha gana chispa."
granito,Granito,81,Alerta de aventura: mueve los brazos con alegría. qué buena chispa tienes! vamos por la siguiente pista.
granito,Granito,82,¡Misión Granito!! sigue hasta el próximo color que veas; el aburrimiento perdió. cada pasito despierta el ánimo.
granito,Granito,83,acelera diez pasos y vuelve suave. Siguiente pista: me encanta ese rebote; el camino se pone interesante.
granito,Granito,84,Juego en serio: la curiosidad está empujando. sigue hasta el próximo color que veas; vamos por la siguiente pista.
granito,Granito,85,"acelera diez pasos y vuelve suave; ese mini reto cuenta muchísimo. Pasitos curiosos, cada pasito despierta el ánimo."
granito,Granito,86,Modo juego: usa pasos cortos si estás cansado. tu energía anda despierta! el camino se pone interesante.
granito,Granito,87,Explorador feliz! acelera diez pasos y vuelve suave; la ruta se volvió mapa. la diversión también suma pasos.
granito,Granito,88,usa pasos cortos si estás cansado. Objetivo divertido: esto se puso divertido; moverte también puede ser juego.
granito,Granito,89,Vamos a investigar: la aventura ya empezó. da una vuelta extra alrededor de la manzana; una aventura corta también cuenta.
granito,Granito,90,"usa pasos cortos si estás cansado; qué buena chispa tienes. Reto travieso, este mini reto ya valió."
granito,Granito,91,Pasos con chispa: da una vuelta extra alrededor de la manzana. me encanta ese rebote! moverte también puede ser juego.
granito,Granito,92,Vuelta sorpresa! camina dos minutos sin revisar el teléfono; la curiosidad está empujando. una aventura corta también cuenta.
granito,Granito,93,da una vuelta extra alrededor de la manzana. Ruta misteriosa: ese mini reto cuenta muchísimo; este mini reto ya valió.
granito,Granito,94,Mapa secreto: hoy estás jugando en serio. camina dos minutos sin revisar el teléfono; Granito quiere otra vuelta.
granito,Granito,95,"cuenta cincuenta pasos como reto; tu energía anda despierta. Búsqueda rápida, el conteo sube sin drama."
granito,Granito,96,Granito encontró una misión: camina dos minutos sin revisar el teléfono. Esto se puso divertido! tu racha gana chispa.
granito,Granito,97,"Pum, nuevo reto! cuenta cincuenta pasos como reto; la aventura ya empezó. vamos por la siguiente pista."
granito,Granito,98,elige una meta que te dé curiosidad. Mini aventura: qué buena chispa tienes; el conteo sube sin drama.
granito,Granito,99,Energía de recreo: el aburrimiento perdió. cuenta cincuenta pasos como reto; tu racha gana chispa.
granito,Granito,100,"elige una meta que te dé curiosidad; me encanta ese rebote. Desafío chiquito, vamos por la siguiente pista."
moka,Moka,1,Mira al frente: elige un punto y llega sin romper el paso.
moka,Moka,2,"Activa brazos, baja hombros y camina dos minutos con intención clara."
moka,Moka,3,"Respira profundo antes de subir el ritmo; fuerza inteligente, no desorden."
moka,Moka,4,Divide lo que falta en partes ganables y conquista la primera ahora.
moka,Moka,5,"Si el cansancio habla fuerte, respóndele con diez pasos controlados."
moka,Moka,6,Bebe agua si el cuerpo lo pide; la disciplina también sabe cuidarse.
moka,Moka,7,"Treinta pasos con seguridad: mirada firme, pisada clara."
moka,Moka,8,"Cierre fuerte antes de revisar el contador; primero cumples, luego miras."
moka,Moka,9,Camina sin compararte con nadie; tu meta es tuya.
moka,Moka,10,"Cuando completes el bloque, sonríe de verdad: eso fue trabajo real."
moka,Moka,11,"Baja un cambio si hace falta, pero no sueltes la meta visible."
moka,Moka,12,Suelta manos y mandíbula; la fuerza no necesita rigidez.
moka,Moka,13,Sube intensidad solo si mantienes control de la respiración.
moka,Moka,14,Convierte la próxima esquina en logro y llega con cara de ganadora.
moka,Moka,15,"Termina la canción caminando firme, aunque sea a paso moderado."
moka,Moka,16,Constancia por encima de prisa durante los próximos tres minutos.
moka,Moka,17,Abdomen activo y zancada estable hasta completar esta cuadra.
moka,Moka,18,Pausa corta si la necesitas; vuelve antes de perder el enfoque.
moka,Moka,19,"Treinta pasos de concentración total: mirada al frente, hombros abajo."
moka,Moka,20,Celebra el bloque completado y empieza el siguiente con decisión.
moka,Moka,21,Moka no duda: elige un punto y llega sin romper el paso. Eso es determinación real! cada tramo te respalda.
moka,Moka,22,Paso decidido! mira al frente y pisa con seguridad; tu orgullo se está ganando. la meta ya te siente cerca.
moka,Moka,23,sube la intensidad solo con control. Vamos con intención: me encanta esa fuerza tuya; la sonrisa del final va a saber mejor.
moka,Moka,24,Moka sonríe fuerte: hoy caminas como quien cumple. mira al frente y pisa con seguridad; este logro va contigo.
moka,Moka,25,"sube la intensidad solo con control; la confianza se nota. Enfoque total, tu disciplina habla claro."
moka,Moka,26,Fuerza limpia: baja un cambio sin soltar la meta. estás haciendo algo importante por ti! tu esfuerzo tiene presencia.
moka,Moka,27,Cara de logro! sube la intensidad solo con control; se siente tu poder. tu racha merece aplauso.
moka,Moka,28,baja un cambio sin soltar la meta. Avance real: la intensidad también puede ser feliz; tu disciplina habla claro.
moka,Moka,29,Meta clara: esto tiene fuego y control. suelta tensión de manos y mandíbula; tu esfuerzo tiene presencia.
moka,Moka,30,"baja un cambio sin soltar la meta; eso es determinación real. Mirada de meta, tu racha merece aplauso."
moka,Moka,31,Sin compararte: suelta tensión de manos y mandíbula. me encanta esa fuerza tuya! la confianza nace de cumplir.
moka,Moka,32,Cierre con orgullo! bebe agua si el cuerpo lo pide; hoy caminas como quien cumple. hoy ganas respeto por ti.
moka,Moka,33,suelta tensión de manos y mandíbula. Poder tranquilo: la confianza se nota; vas convirtiendo intención en resultado.
moka,Moka,34,Control total: esa sonrisa va a saber increíble. bebe agua si el cuerpo lo pide; cada tramo te respalda.
moka,Moka,35,"convierte la próxima esquina en logro; estás haciendo algo importante por ti. Bloque conquistable, hoy ganas respeto por ti."
moka,Moka,36,Más firme que antes: bebe agua si el cuerpo lo pide. la intensidad también puede ser feliz! vas convirtiendo intención en resultado.
moka,Moka,37,Orgullo en marcha! convierte la próxima esquina en logro; esto tiene fuego y control. cada tramo te respalda.
moka,Moka,38,camina dos minutos con ritmo firme. Disciplina feliz: eso es determinación real; la meta ya te siente cerca.
moka,Moka,39,Esto es tuyo: tu orgullo se está ganando. convierte la próxima esquina en logro; la sonrisa del final va a saber mejor.
moka,Moka,40,"camina dos minutos con ritmo firme; me encanta esa fuerza tuya. Respira y domina, este logro va contigo."
moka,Moka,41,Paso decidido: toma una pausa corta y regresa fuerte. la confianza se nota! tu disciplina habla claro.
moka,Moka,42,Vamos con intención! camina dos minutos con ritmo firme; esa sonrisa va a saber increíble. la sonrisa del final va a saber mejor.
moka,Moka,43,toma una pausa corta y regresa fuerte. Moka sonríe fuerte: estás haciendo algo importante por ti; este logro va contigo.
moka,Moka,44,Moka no duda: se siente tu poder. divide lo que falta en partes ganables; tu disciplina habla claro.
moka,Moka,45,"toma una pausa corta y regresa fuerte; la intensidad también puede ser feliz. Fuerza limpia, tu esfuerzo tiene presencia."
moka,Moka,46,Cara de logro: divide lo que falta en partes ganables. Eso es determinación real! tu racha merece aplauso.
moka,Moka,47,Avance real! mantén abdomen activo y zancada estable; tu orgullo se está ganando. la confianza nace de cumplir.
moka,Moka,48,divide lo que falta en partes ganables. Enfoque total: me encanta esa fuerza tuya; hoy ganas respeto por ti.
moka,Moka,49,Mirada de meta: hoy caminas como quien cumple. mantén abdomen activo y zancada estable; tu racha merece aplauso.
moka,Moka,50,"respira profundo antes de subir el ritmo; la confianza se nota. Sin compararte, la confianza nace de cumplir."
moka,Moka,51,Cierre con orgullo: mantén abdomen activo y zancada estable. estás haciendo algo importante por ti! hoy ganas respeto por ti.
moka,Moka,52,Meta clara! respira profundo antes de subir el ritmo; se siente tu poder. vas convirtiendo intención en resultado.
moka,Moka,53,celebra cada bloque completado. Control total: la intensidad también puede ser feliz; cada tramo te respalda.
moka,Moka,54,Bloque conquistable: esto tiene fuego y control. respira profundo antes de subir el ritmo; la meta ya te siente cerca.
moka,Moka,55,"celebra cada bloque completado; eso es determinación real. Más firme que antes, la sonrisa del final va a saber mejor."
moka,Moka,56,Poder tranquilo: activa brazos y mantén hombros abajo. me encanta esa fuerza tuya! cada tramo te respalda.
moka,Moka,57,Disciplina feliz! celebra cada bloque completado; hoy caminas como quien cumple. la meta ya te siente cerca.
moka,Moka,58,activa brazos y mantén hombros abajo. Esto es tuyo: la confianza se nota; la sonrisa del final va a saber mejor.
moka,Moka,59,Respira y domina: esa sonrisa va a saber increíble. haz treinta pasos de pura concentración; este logro va contigo.
moka,Moka,60,"activa brazos y mantén hombros abajo; estás haciendo algo importante por ti. Orgullo en marcha, tu disciplina habla claro."
moka,Moka,61,Vamos con intención: haz treinta pasos de pura concentración. la intensidad también puede ser feliz! tu esfuerzo tiene presencia.
moka,Moka,62,Moka sonríe fuerte! elige un punto y llega sin romper el paso; esto tiene fuego y control. tu racha merece aplauso.
moka,Moka,63,haz treinta pasos de pura concentración. Moka no duda: eso es determinación real; tu disciplina habla claro.
moka,Moka,64,Paso decidido: tu orgullo se está ganando. elige un punto y llega sin romper el paso; tu esfuerzo tiene presencia.
moka,Moka,65,"mira al frente y pisa con seguridad; me encanta esa fuerza tuya. Cara de logro, tu racha merece aplauso."
moka,Moka,66,Avance real: elige un punto y llega sin romper el paso. la confianza se nota! la confianza nace de cumplir.
moka,Moka,67,Enfoque total! mira al frente y pisa con seguridad; esa sonrisa va a saber increíble. hoy ganas respeto por ti.
moka,Moka,68,sube la intensidad solo con control. Fuerza limpia: estás haciendo algo importante por ti; vas convirtiendo intención en resultado.
moka,Moka,69,Sin compararte: se siente tu poder. mira al frente y pisa con seguridad; cada tramo te respalda.
moka,Moka,70,"sube la intensidad solo con control; la intensidad también puede ser feliz. Cierre con orgullo, hoy ganas respeto por ti."
moka,Moka,71,Meta clara: baja un cambio sin soltar la meta. Eso es determinación real! vas convirtiendo intención en resultado.
moka,Moka,72,Mirada de meta! sube la intensidad solo con control; tu orgullo se está ganando. cada tramo te respalda.
moka,Moka,73,baja un cambio sin soltar la meta. Bloque conquistable: me encanta esa fuerza tuya; la meta ya te siente cerca.
moka,Moka,74,Más firme que antes: hoy caminas como quien cumple. suelta tensión de manos y mandíbula; la sonrisa del final va a saber mejor.
moka,Moka,75,"baja un cambio sin soltar la meta; la confianza se nota. Poder tranquilo, este logro va contigo."
moka,Moka,76,Control total: suelta tensión de manos y mandíbula. estás haciendo algo importante por ti! tu disciplina habla claro.
moka,Moka,77,Esto es tuyo! bebe agua si el cuerpo lo pide; se siente tu poder. la sonrisa del final va a saber mejor.
moka,Moka,78,suelta tensión de manos y mandíbula. Respira y domina: la intensidad también puede ser feliz; este logro va contigo.
moka,Moka,79,Orgullo en marcha: esto tiene fuego y control. bebe agua si el cuerpo lo pide; tu disciplina habla claro.
moka,Moka,80,"convierte la próxima esquina en logro; eso es determinación real. Disciplina feliz, tu esfuerzo tiene presencia."
moka,Moka,81,Moka sonríe fuerte: bebe agua si el cuerpo lo pide. me encanta esa fuerza tuya! tu racha merece aplauso.
moka,Moka,82,Moka no duda! convierte la próxima esquina en logro; hoy caminas como quien cumple. la confianza nace de cumplir.
moka,Moka,83,camina dos minutos con ritmo firme. Paso decidido: la confianza se nota; hoy ganas respeto por ti.
moka,Moka,84,Vamos con intención: esa sonrisa va a saber increíble. convierte la próxima esquina en logro; tu racha merece aplauso.
moka,Moka,85,"camina dos minutos con ritmo firme; estás haciendo algo importante por ti. Avance real, la confianza nace de cumplir."
moka,Moka,86,Enfoque total: toma una pausa corta y regresa fuerte. la intensidad también puede ser feliz! hoy ganas respeto por ti.
moka,Moka,87,Fuerza limpia! camina dos minutos con ritmo firme; esto tiene fuego y control. vas convirtiendo intención en resultado.
moka,Moka,88,toma una pausa corta y regresa fuerte. Cara de logro: eso es determinación real; cada tramo te respalda.
moka,Moka,89,Cierre con orgullo: tu orgullo se está ganando. divide lo que falta en partes ganables; la meta ya te siente cerca.
moka,Moka,90,"toma una pausa corta y regresa fuerte; me encanta esa fuerza tuya. Meta clara, la sonrisa del final va a saber mejor."
moka,Moka,91,Mirada de meta: divide lo que falta en partes ganables. la confianza se nota! cada tramo te respalda.
moka,Moka,92,Sin compararte! mantén abdomen activo y zancada estable; esa sonrisa va a saber increíble. la meta ya te siente cerca.
moka,Moka,93,divide lo que falta en partes ganables. Más firme que antes: estás haciendo algo importante por ti; la sonrisa del final va a saber mejor.
moka,Moka,94,Poder tranquilo: se siente tu poder. mantén abdomen activo y zancada estable; este logro va contigo.
moka,Moka,95,"respira profundo antes de subir el ritmo; la intensidad también puede ser feliz. Control total, tu disciplina habla claro."
moka,Moka,96,Bloque conquistable: mantén abdomen activo y zancada estable. Eso es determinación real! tu esfuerzo tiene presencia.
moka,Moka,97,Respira y domina! respira profundo antes de subir el ritmo; tu orgullo se está ganando. tu racha merece aplauso.
moka,Moka,98,celebra cada bloque completado. Orgullo en marcha: me encanta esa fuerza tuya; tu disciplina habla claro.
moka,Moka,99,Disciplina feliz: hoy caminas como quien cumple. respira profundo antes de subir el ritmo; tu esfuerzo tiene presencia.
moka,Moka,100,"celebra cada bloque completado; la confianza se nota. Esto es tuyo, tu racha merece aplauso."
franco,Franco,1,Franco diría: encuentra tu ritmo base antes de intentar acelerar.
franco,Franco,2,"Respira profundo durante diez pasos; si el aire vuelve fácil, seguimos."
franco,Franco,3,Divide la ruta en bloques pequeños y completa uno con buena postura.
franco,Franco,4,Baja velocidad si pierdes técnica; caminar bien también cuenta.
franco,Franco,5,Toma agua antes de exigir más; un buen mentor cuida el proceso.
franco,Franco,6,Suelta hombros y afloja manos mientras avanzas a paso parejo.
franco,Franco,7,Una cuadra sin revisar el número; primero siente el ritmo.
franco,Franco,8,Guarda fuerza para el cierre: empieza cómodo y termina estable.
franco,Franco,9,"Si el día pesa, simple: una cuadra consciente y luego otra."
franco,Franco,10,"Alarga el paso solo si se siente natural, sin forzar rodillas."
franco,Franco,11,Descansa breve y vuelve con calma; continuidad no significa prisa.
franco,Franco,12,Observa tu postura en cada esquina y corrige suavemente.
franco,Franco,13,Mirada suave al frente; el cuerpo sigue mejor a una mente clara.
franco,Franco,14,Tres minutos de paso parejo para enseñarle constancia al cuerpo.
franco,Franco,15,Termina el bloque sin precipitarte; cerrar bien también es progreso.
franco,Franco,16,"Antes de mirar el contador, revisa respiración, hombros y pisada."
franco,Franco,17,Elige una cuadra fácil y complétala con atención tranquila.
franco,Franco,18,"En subida, acorta el paso y conserva energía para el final."
franco,Franco,19,Vuelve al ritmo base después de cada pausa; eso mantiene el hábito.
franco,Franco,20,Una vuelta más solo si todavía puedes sostener buena técnica.
franco,Franco,21,Consejo de Franco: respira profundo durante diez pasos. Eso es inteligencia en movimiento! lo sostenible gana al impulso.
franco,Franco,22,Buen juicio! elige una cuadra y complétala; me gusta ese cuidado. la sabiduría está en continuar.
franco,Franco,23,vuelve al ritmo base después de pausar. Proceso cuidado: el cuerpo agradece la paciencia; vas creando una base sólida.
franco,Franco,24,"Respira primero: aquí no hay que demostrar, hay que sostener. elige una cuadra y complétala; Franco aprueba ese ritmo."
franco,Franco,25,"vuelve al ritmo base después de pausar; qué bien se ve un ritmo maduro. Con calma y criterio, tu cuerpo aprende a confiar."
franco,Franco,26,Base sólida: observa tu postura mientras avanzas. esto es progreso con oficio! tu energía llega más lejos.
franco,Franco,27,Cadencia serena! vuelve al ritmo base después de pausar; vas construyendo algo durable. la meta se acerca con serenidad.
franco,Franco,28,observa tu postura mientras avanzas. La técnica manda: ese paso tiene sabiduría; tu cuerpo aprende a confiar.
franco,Franco,29,Sabiduría práctica: la constancia tranquila gana terreno. termina este bloque sin precipitarte; tu energía llega más lejos.
franco,Franco,30,"observa tu postura mientras avanzas; eso es inteligencia en movimiento. Ritmo paciente, la meta se acerca con serenidad."
franco,Franco,31,Energía medida: termina este bloque sin precipitarte. el cuerpo agradece la paciencia! terminar bien vale más que salir rápido.
franco,Franco,32,"Avance sostenible! baja velocidad si pierdes técnica; aquí no hay que demostrar, hay que sostener. cada paso consciente cuenta."
franco,Franco,33,termina este bloque sin precipitarte. Paso elegante: qué bien se ve un ritmo maduro; este progreso tiene buen juicio.
franco,Franco,34,"Sin prisa, con dirección: la calma también tiene fuerza. baja velocidad si pierdes técnica; lo sostenible gana al impulso."
franco,Franco,35,"cuida la pisada en cada esquina; esto es progreso con oficio. Largo plazo, cada paso consciente cuenta."
franco,Franco,36,Calma de maestro: baja velocidad si pierdes técnica. ese paso tiene sabiduría! este progreso tiene buen juicio.
franco,Franco,37,Mentor en marcha! cuida la pisada en cada esquina; la constancia tranquila gana terreno. lo sostenible gana al impulso.
franco,Franco,38,toma agua antes de exigir más. Franco observa: eso es inteligencia en movimiento; la sabiduría está en continuar.
franco,Franco,39,Cierre sereno: me gusta ese cuidado. cuida la pisada en cada esquina; vas creando una base sólida.
franco,Franco,40,"toma agua antes de exigir más; el cuerpo agradece la paciencia. Vamos con oficio, Franco aprueba ese ritmo."
franco,Franco,41,Buen juicio: camina sin revisar tanto el número. qué bien se ve un ritmo maduro! tu cuerpo aprende a confiar.
franco,Franco,42,Proceso cuidado! toma agua antes de exigir más; la calma también tiene fuerza. vas creando una base sólida.
franco,Franco,43,camina sin revisar tanto el número. Respira primero: esto es progreso con oficio; Franco aprueba ese ritmo.
franco,Franco,44,Consejo de Franco: vas construyendo algo durable. divide la ruta en bloques pequeños; tu cuerpo aprende a confiar.
franco,Franco,45,"camina sin revisar tanto el número; ese paso tiene sabiduría. Base sólida, tu energía llega más lejos."
franco,Franco,46,Cadencia serena: divide la ruta en bloques pequeños. Eso es inteligencia en movimiento! la meta se acerca con serenidad.
franco,Franco,47,La técnica manda! alarga el paso solo si se siente natural; me gusta ese cuidado. terminar bien vale más que salir rápido.
franco,Franco,48,divide la ruta en bloques pequeños. Con calma y criterio: el cuerpo agradece la paciencia; cada paso consciente cuenta.
franco,Franco,49,"Ritmo paciente: aquí no hay que demostrar, hay que sostener. alarga el paso solo si se siente natural; la meta se acerca con serenidad."
franco,Franco,50,"suelta hombros y afloja manos; qué bien se ve un ritmo maduro. Energía medida, terminar bien vale más que salir rápido."
franco,Franco,51,Avance sostenible: alarga el paso solo si se siente natural. esto es progreso con oficio! cada paso consciente cuenta.
franco,Franco,52,Sabiduría práctica! suelta hombros y afloja manos; vas construyendo algo durable. este progreso tiene buen juicio.
franco,Franco,53,"descansa breve y vuelve con calma. Sin prisa, con dirección: ese paso tiene sabiduría; lo sostenible gana al impulso."
franco,Franco,54,Largo plazo: la constancia tranquila gana terreno. suelta hombros y afloja manos; la sabiduría está en continuar.
franco,Franco,55,"descansa breve y vuelve con calma; eso es inteligencia en movimiento. Calma de maestro, vas creando una base sólida."
franco,Franco,56,Paso elegante: mantén una cadencia cómoda. el cuerpo agradece la paciencia! lo sostenible gana al impulso.
franco,Franco,57,"Franco observa! descansa breve y vuelve con calma; aquí no hay que demostrar, hay que sostener. la sabiduría está en continuar."
franco,Franco,58,mantén una cadencia cómoda. Cierre sereno: qué bien se ve un ritmo maduro; vas creando una base sólida.
franco,Franco,59,Vamos con oficio: la calma también tiene fuerza. haz tres minutos de paso parejo; Franco aprueba ese ritmo.
franco,Franco,60,"mantén una cadencia cómoda; esto es progreso con oficio. Mentor en marcha, tu cuerpo aprende a confiar."
franco,Franco,61,Proceso cuidado: haz tres minutos de paso parejo. ese paso tiene sabiduría! tu energía llega más lejos.
franco,Franco,62,Respira primero! respira profundo durante diez pasos; la constancia tranquila gana terreno. la meta se acerca con serenidad.
franco,Franco,63,haz tres minutos de paso parejo. Consejo de Franco: eso es inteligencia en movimiento; tu cuerpo aprende a confiar.
franco,Franco,64,Buen juicio: me gusta ese cuidado. respira profundo durante diez pasos; tu energía llega más lejos.
franco,Franco,65,"elige una cuadra y complétala; el cuerpo agradece la paciencia. Cadencia serena, la meta se acerca con serenidad."
franco,Franco,66,La técnica manda: respira profundo durante diez pasos. qué bien se ve un ritmo maduro! terminar bien vale más que salir rápido.
franco,Franco,67,Con calma y criterio! elige una cuadra y complétala; la calma también tiene fuerza. cada paso consciente cuenta.
franco,Franco,68,vuelve al ritmo base después de pausar. Base sólida: esto es progreso con oficio; este progreso tiene buen juicio.
franco,Franco,69,Energía medida: vas construyendo algo durable. elige una cuadra y complétala; lo sostenible gana al impulso.
franco,Franco,70,"vuelve al ritmo base después de pausar; ese paso tiene sabiduría. Avance sostenible, cada paso consciente cuenta."
franco,Franco,71,Sabiduría práctica: observa tu postura mientras avanzas. Eso es inteligencia en movimiento! este progreso tiene buen juicio.
franco,Franco,72,Ritmo paciente! vuelve al ritmo base después de pausar; me gusta ese cuidado. lo sostenible gana al impulso.
franco,Franco,73,observa tu postura mientras avanzas. Largo plazo: el cuerpo agradece la paciencia; la sabiduría está en continuar.
franco,Franco,74,"Calma de maestro: aquí no hay que demostrar, hay que sostener. termina este bloque sin precipitarte; vas creando una base sólida."
franco,Franco,75,"observa tu postura mientras avanzas; qué bien se ve un ritmo maduro. Paso elegante, Franco aprueba ese ritmo."
franco,Franco,76,"Sin prisa, con dirección: termina este bloque sin precipitarte. esto es progreso con oficio! tu cuerpo aprende a confiar."
franco,Franco,77,Cierre sereno! baja velocidad si pierdes técnica; vas construyendo algo durable. vas creando una base sólida.
franco,Franco,78,termina este bloque sin precipitarte. Vamos con oficio: ese paso tiene sabiduría; Franco aprueba ese ritmo.
franco,Franco,79,Mentor en marcha: la constancia tranquila gana terreno. baja velocidad si pierdes técnica; tu cuerpo aprende a confiar.
franco,Franco,80,"cuida la pisada en cada esquina; eso es inteligencia en movimiento. Franco observa, tu energía llega más lejos."
franco,Franco,81,Respira primero: baja velocidad si pierdes técnica. el cuerpo agradece la paciencia! la meta se acerca con serenidad.
franco,Franco,82,"Consejo de Franco! cuida la pisada en cada esquina; aquí no hay que demostrar, hay que sostener. terminar bien vale más que salir rápido."
franco,Franco,83,toma agua antes de exigir más. Buen juicio: qué bien se ve un ritmo maduro; cada paso consciente cuenta.
franco,Franco,84,Proceso cuidado: la calma también tiene fuerza. cuida la pisada en cada esquina; la meta se acerca con serenidad.
franco,Franco,85,"toma agua antes de exigir más; esto es progreso con oficio. La técnica manda, terminar bien vale más que salir rápido."
franco,Franco,86,Con calma y criterio: camina sin revisar tanto el número. ese paso tiene sabiduría! cada paso consciente cuenta.
franco,Franco,87,Base sólida! toma agua antes de exigir más; la constancia tranquila gana terreno. este progreso tiene buen juicio.
franco,Franco,88,camina sin revisar tanto el número. Cadencia serena: eso es inteligencia en movimiento; lo sostenible gana al impulso.
franco,Franco,89,Avance sostenible: me gusta ese cuidado. divide la ruta en bloques pequeños; la sabiduría está en continuar.
franco,Franco,90,"camina sin revisar tanto el número; el cuerpo agradece la paciencia. Sabiduría práctica, vas creando una base sólida."
franco,Franco,91,Ritmo paciente: divide la ruta en bloques pequeños. qué bien se ve un ritmo maduro! lo sostenible gana al impulso.
franco,Franco,92,Energía medida! alarga el paso solo si se siente natural; la calma también tiene fuerza. la sabiduría está en continuar.
franco,Franco,93,divide la ruta en bloques pequeños. Calma de maestro: esto es progreso con oficio; vas creando una base sólida.
franco,Franco,94,Paso elegante: vas construyendo algo durable. alarga el paso solo si se siente natural; Franco aprueba ese ritmo.
franco,Franco,95,"suelta hombros y afloja manos; ese paso tiene sabiduría. Sin prisa, con dirección, tu cuerpo aprende a confiar."
franco,Franco,96,Largo plazo: alarga el paso solo si se siente natural. Eso es inteligencia en movimiento! tu energía llega más lejos.
franco,Franco,97,Vamos con oficio! suelta hombros y afloja manos; me gusta ese cuidado. la meta se acerca con serenidad.
franco,Franco,98,descansa breve y vuelve con calma. Mentor en marcha: el cuerpo agradece la paciencia; tu cuerpo aprende a confiar.
franco,Franco,99,"Franco observa: aquí no hay que demostrar, hay que sostener. suelta hombros y afloja manos; tu energía llega más lejos."
franco,Franco,100,"descansa breve y vuelve con calma; qué bien se ve un ritmo maduro. Cierre sereno, la meta se acerca con serenidad."
nata,Nata,1,Respira conmigo: inhala en cuatro pasos y exhala en cuatro.
nata,Nata,2,Suelta los hombros antes de seguir y camina una cuadra sin presión.
nata,Nata,3,Elige una esquina cercana; llega con paso cómodo y respiración tranquila.
nata,Nata,4,Toma agua y vuelve despacio; cuidarte también suma.
nata,Nata,5,"Si el cuerpo pide bajar el ritmo, hazlo sin abandonar la caminata."
nata,Nata,6,"Treinta pasos atentos, sintiendo la pisada sin forzarla."
nata,Nata,7,Guarda el teléfono por un minuto y vuelve a tu cuerpo.
nata,Nata,8,Busca una ruta más silenciosa si puedes; el entorno también ayuda.
nata,Nata,9,"Alarga la espalda, relaja la mandíbula y camina cinco minutos suaves."
nata,Nata,10,Haz una vuelta pequeña pero completa; terminar con calma también cuenta.
nata,Nata,11,Respira hondo al cruzar la próxima calle y reinicia el paso.
nata,Nata,12,Brazos sueltos; que el movimiento no se sienta apretado.
nata,Nata,13,Constancia antes que velocidad; hoy el objetivo es sostener.
nata,Nata,14,"Termina este bloque más ligera, no más presionada."
nata,Nata,15,"Si el día está pesado, empieza por dos minutos amables y reales."
nata,Nata,16,Mira al frente con suavidad y mantén la cara relajada.
nata,Nata,17,Camina por donde haya menos ruido si puedes; el entorno cambia el ritmo.
nata,Nata,18,"Vuelve al paso después de una pausa breve, sin juzgar la pausa."
nata,Nata,19,Haz dos minutos más solo si se siente bien en el cuerpo.
nata,Nata,20,Termina la vuelta con respiración cómoda y hombros livianos.
nata,Nata,21,"Respira, aquí estás: inhala en cuatro pasos y exhala en cuatro. Qué alivio volver despacio! tu cuerpo agradece este cuidado."
nata,Nata,22,Vuelve a tu ritmo! haz treinta pasos atentos; tu cuerpo no necesita presión para avanzar. cada paso baja un poco el ruido.
nata,Nata,23,siente la pisada sin forzarla. Poquito a poquito: esto se siente más liviano; tu energía se ordena al moverte.
nata,Nata,24,Regresa al cuerpo: me gusta cómo te estás cuidando. haz treinta pasos atentos; lo amable también funciona.
nata,Nata,25,"siente la pisada sin forzarla; el ruido baja un poquito. Nata baja el ruido, la meta se acerca sin tensión."
nata,Nata,26,Con calma real: mira al frente con suavidad. ese paso amable también cuenta! terminar en paz también es logro.
nata,Nata,27,Hombros sueltos! siente la pisada sin forzarla; hoy estás haciendo espacio para ti. vas volviendo a ti paso a paso.
nata,Nata,28,mira al frente con suavidad. Pausa amable: la ligereza vuelve paso a paso; la meta se acerca sin tensión.
nata,Nata,29,Suave y constante: qué bonito sostener sin apretar. deja el teléfono guardado por un minuto; terminar en paz también es logro.
nata,Nata,30,"mira al frente con suavidad; qué alivio volver despacio. Espacio para ti, vas volviendo a ti paso a paso."
nata,Nata,31,Hoy con suavidad: deja el teléfono guardado por un minuto. esto se siente más liviano! seguir suave sigue siendo seguir.
nata,Nata,32,Camina ligero! baja el ritmo si el cuerpo lo pide; me gusta cómo te estás cuidando. la constancia tranquila cuenta.
nata,Nata,33,deja el teléfono guardado por un minuto. Sin presión: el ruido baja un poquito; este ritmo también construye salud.
nata,Nata,34,Movimiento liviano: hay calma en seguir así. baja el ritmo si el cuerpo lo pide; tu cuerpo agradece este cuidado.
nata,Nata,35,"haz una vuelta pequeña pero completa; ese paso amable también cuenta. Ritmo cómodo, la constancia tranquila cuenta."
nata,Nata,36,Sostén sin apretar: baja el ritmo si el cuerpo lo pide. la ligereza vuelve paso a paso! este ritmo también construye salud.
nata,Nata,37,Paso amable! haz una vuelta pequeña pero completa; qué bonito sostener sin apretar. tu cuerpo agradece este cuidado.
nata,Nata,38,toma agua y vuelve despacio. Cuidado tranquilo: qué alivio volver despacio; cada paso baja un poco el ruido.
nata,Nata,39,No hay pelea aquí: tu cuerpo no necesita presión para avanzar. haz una vuelta pequeña pero completa; tu energía se ordena al moverte.
nata,Nata,40,"toma agua y vuelve despacio; esto se siente más liviano. Nata te acompaña, lo amable también funciona."
nata,Nata,41,Vuelve a tu ritmo: elige constancia antes que velocidad. el ruido baja un poquito! la meta se acerca sin tensión.
nata,Nata,42,Poquito a poquito! toma agua y vuelve despacio; hay calma en seguir así. tu energía se ordena al moverte.
nata,Nata,43,elige constancia antes que velocidad. Regresa al cuerpo: ese paso amable también cuenta; lo amable también funciona.
nata,Nata,44,"Respira, aquí estás: hoy estás haciendo espacio para ti. mantén un paso cómodo durante cinco minutos; la meta se acerca sin tensión."
nata,Nata,45,"elige constancia antes que velocidad; la ligereza vuelve paso a paso. Con calma real, terminar en paz también es logro."
nata,Nata,46,Hombros sueltos: mantén un paso cómodo durante cinco minutos. Qué alivio volver despacio! vas volviendo a ti paso a paso.
nata,Nata,47,Pausa amable! vuelve al paso después de una pausa breve; tu cuerpo no necesita presión para avanzar. seguir suave sigue siendo seguir.
nata,Nata,48,mantén un paso cómodo durante cinco minutos. Nata baja el ruido: esto se siente más liviano; la constancia tranquila cuenta.
nata,Nata,49,Espacio para ti: me gusta cómo te estás cuidando. vuelve al paso después de una pausa breve; vas volviendo a ti paso a paso.
nata,Nata,50,"elige una esquina cercana y camina sin presión; el ruido baja un poquito. Hoy con suavidad, seguir suave sigue siendo seguir."
nata,Nata,51,Camina ligero: vuelve al paso después de una pausa breve. ese paso amable también cuenta! la constancia tranquila cuenta.
nata,Nata,52,Suave y constante! elige una esquina cercana y camina sin presión; hoy estás haciendo espacio para ti. este ritmo también construye salud.
nata,Nata,53,camina por donde haya menos ruido si puedes. Movimiento liviano: la ligereza vuelve paso a paso; tu cuerpo agradece este cuidado.
nata,Nata,54,Ritmo cómodo: qué bonito sostener sin apretar. elige una esquina cercana y camina sin presión; cada paso baja un poco el ruido.
nata,Nata,55,"camina por donde haya menos ruido si puedes; qué alivio volver despacio. Sostén sin apretar, tu energía se ordena al moverte."
nata,Nata,56,Sin presión: suelta los hombros antes de seguir. esto se siente más liviano! tu cuerpo agradece este cuidado.
nata,Nata,57,Cuidado tranquilo! camina por donde haya menos ruido si puedes; me gusta cómo te estás cuidando. cada paso baja un poco el ruido.
nata,Nata,58,suelta los hombros antes de seguir. No hay pelea aquí: el ruido baja un poquito; tu energía se ordena al moverte.
nata,Nata,59,Nata te acompaña: hay calma en seguir así. alarga la espalda y relaja la mandíbula; lo amable también funciona.
nata,Nata,60,"suelta los hombros antes de seguir; ese paso amable también cuenta. Paso amable, la meta se acerca sin tensión."
nata,Nata,61,Poquito a poquito: alarga la espalda y relaja la mandíbula. la ligereza vuelve paso a paso! terminar en paz también es logro.
nata,Nata,62,Regresa al cuerpo! inhala en cuatro pasos y exhala en cuatro; qué bonito sostener sin apretar. vas volviendo a ti paso a paso.
nata,Nata,63,"alarga la espalda y relaja la mandíbula. Respira, aquí estás: qué alivio volver despacio; la meta se acerca sin tensión."
nata,Nata,64,Vuelve a tu ritmo: tu cuerpo no necesita presión para avanzar. inhala en cuatro pasos y exhala en cuatro; terminar en paz también es logro.
nata,Nata,65,"haz treinta pasos atentos; esto se siente más liviano. Hombros sueltos, vas volviendo a ti paso a paso."
nata,Nata,66,Pausa amable: inhala en cuatro pasos y exhala en cuatro. el ruido baja un poquito! seguir suave sigue siendo seguir.
nata,Nata,67,Nata baja el ruido! haz treinta pasos atentos; hay calma en seguir así. la constancia tranquila cuenta.
nata,Nata,68,siente la pisada sin forzarla. Con calma real: ese paso amable también cuenta; este ritmo también construye salud.
nata,Nata,69,Hoy con suavidad: hoy estás haciendo espacio para ti. haz treinta pasos atentos; tu cuerpo agradece este cuidado.
nata,Nata,70,"siente la pisada sin forzarla; la ligereza vuelve paso a paso. Camina ligero, la constancia tranquila cuenta."
nata,Nata,71,Suave y constante: mira al frente con suavidad. Qué alivio volver despacio! este ritmo también construye salud.
nata,Nata,72,Espacio para ti! siente la pisada sin forzarla; tu cuerpo no necesita presión para avanzar. tu cuerpo agradece este cuidado.
nata,Nata,73,mira al frente con suavidad. Ritmo cómodo: esto se siente más liviano; cada paso baja un poco el ruido.
nata,Nata,74,Sostén sin apretar: me gusta cómo te estás cuidando. deja el teléfono guardado por un minuto; tu energía se ordena al moverte.
nata,Nata,75,"mira al frente con suavidad; el ruido baja un poquito. Sin presión, lo amable también funciona."
nata,Nata,76,Movimiento liviano: deja el teléfono guardado por un minuto. ese paso amable también cuenta! la meta se acerca sin tensión.
nata,Nata,77,No hay pelea aquí! baja el ritmo si el cuerpo lo pide; hoy estás haciendo espacio para ti. tu energía se ordena al moverte.
nata,Nata,78,deja el teléfono guardado por un minuto. Nata te acompaña: la ligereza vuelve paso a paso; lo amable también funciona.
nata,Nata,79,Paso amable: qué bonito sostener sin apretar. baja el ritmo si el cuerpo lo pide; la meta se acerca sin tensión.
nata,Nata,80,"haz una vuelta pequeña pero completa; qué alivio volver despacio. Cuidado tranquilo, terminar en paz también es logro."
nata,Nata,81,Regresa al cuerpo: baja el ritmo si el cuerpo lo pide. esto se siente más liviano! vas volviendo a ti paso a paso.
nata,Nata,82,"Respira, aquí estás! haz una vuelta pequeña pero completa; me gusta cómo te estás cuidando. seguir suave sigue siendo seguir."
nata,Nata,83,toma agua y vuelve despacio. Vuelve a tu ritmo: el ruido baja un poquito; la constancia tranquila cuenta.
nata,Nata,84,Poquito a poquito: hay calma en seguir así. haz una vuelta pequeña pero completa; vas volviendo a ti paso a paso.
nata,Nata,85,"toma agua y vuelve despacio; ese paso amable también cuenta. Pausa amable, seguir suave sigue siendo seguir."
nata,Nata,86,Nata baja el ruido: elige constancia antes que velocidad. la ligereza vuelve paso a paso! la constancia tranquila cuenta.
nata,Nata,87,Con calma real! toma agua y vuelve despacio; qué bonito sostener sin apretar. este ritmo también construye salud.
nata,Nata,88,elige constancia antes que velocidad. Hombros sueltos: qué alivio volver despacio; tu cuerpo agradece este cuidado.
nata,Nata,89,Camina ligero: tu cuerpo no necesita presión para avanzar. mantén un paso cómodo durante cinco minutos; cada paso baja un poco el ruido.
nata,Nata,90,"elige constancia antes que velocidad; esto se siente más liviano. Suave y constante, tu energía se ordena al moverte."
nata,Nata,91,Espacio para ti: mantén un paso cómodo durante cinco minutos. el ruido baja un poquito! tu cuerpo agradece este cuidado.
nata,Nata,92,Hoy con suavidad! vuelve al paso después de una pausa breve; hay calma en seguir así. cada paso baja un poco el ruido.
nata,Nata,93,mantén un paso cómodo durante cinco minutos. Sostén sin apretar: ese paso amable también cuenta; tu energía se ordena al moverte.
nata,Nata,94,Sin presión: hoy estás haciendo espacio para ti. vuelve al paso después de una pausa breve; lo amable también funciona.
nata,Nata,95,"elige una esquina cercana y camina sin presión; la ligereza vuelve paso a paso. Movimiento liviano, la meta se acerca sin tensión."
nata,Nata,96,Ritmo cómodo: vuelve al paso después de una pausa breve. Qué alivio volver despacio! terminar en paz también es logro.
nata,Nata,97,Nata te acompaña! elige una esquina cercana y camina sin presión; tu cuerpo no necesita presión para avanzar. vas volviendo a ti paso a paso.
nata,Nata,98,camina por donde haya menos ruido si puedes. Paso amable: esto se siente más liviano; la meta se acerca sin tensión.
nata,Nata,99,Cuidado tranquilo: me gusta cómo te estás cuidando. elige una esquina cercana y camina sin presión; terminar en paz también es logro.
nata,Nata,100,"camina por donde haya menos ruido si puedes; el ruido baja un poquito. No hay pelea aquí, vas volviendo a ti paso a paso."
